sp|P14314|GLU2B_HUMAN	AED96753.1	43.902	164	92	0	22	185	39	202	7.39e-41	156	528	647
sp|P14314|GLU2B_HUMAN	AED96753.1	35.862	145	87	2	370	514	484	622	7.11e-25	109	528	647
sp|P14314|GLU2B_HUMAN	AEC10115.1	49.524	105	48	1	31	130	35	139	2.79e-29	115	528	212
sp|P0CG47|UBB_HUMAN	AEE82470.1	96.053	228	9	0	1	228	1	228	3.06e-158	437	229	229
sp|P0CG47|UBB_HUMAN	AEE82469.1	96.053	228	9	0	1	228	1	228	3.06e-158	437	229	229
sp|P0CG47|UBB_HUMAN	AEE82468.1	96.053	228	9	0	1	228	1	228	3.06e-158	437	229	229
sp|P0CG47|UBB_HUMAN	AEE82245.1	96.053	228	9	0	1	228	1	228	3.06e-158	437	229	229
sp|P0CG47|UBB_HUMAN	AEE82244.1	96.053	228	9	0	1	228	1	228	3.06e-158	437	229	229
sp|P0CG47|UBB_HUMAN	ANM70788.1	95.633	229	10	0	1	229	77	305	2.10e-157	438	229	306
sp|P0CG47|UBB_HUMAN	ANM70788.1	95.633	229	10	0	1	229	1	229	2.62e-157	438	229	306
sp|P0CG47|UBB_HUMAN	AED90576.1	95.633	229	10	0	1	229	77	305	2.10e-157	438	229	306
sp|P0CG47|UBB_HUMAN	AED90576.1	95.633	229	10	0	1	229	1	229	2.62e-157	438	229	306
sp|P0CG47|UBB_HUMAN	AED90575.1	95.633	229	10	0	1	229	77	305	2.10e-157	438	229	306
sp|P0CG47|UBB_HUMAN	AED90575.1	95.633	229	10	0	1	229	1	229	2.62e-157	438	229	306
sp|P0CG47|UBB_HUMAN	AED90574.1	95.633	229	10	0	1	229	77	305	2.10e-157	438	229	306
sp|P0CG47|UBB_HUMAN	AED90574.1	95.633	229	10	0	1	229	1	229	2.62e-157	438	229	306
sp|P0CG47|UBB_HUMAN	ANM67151.1	95.633	229	10	0	1	229	1	229	3.04e-157	438	229	305
sp|P0CG47|UBB_HUMAN	ANM67151.1	96.053	228	9	0	1	228	77	304	3.63e-157	437	229	305
sp|P62987|RL40_HUMAN	AEE78966.1	92.188	128	10	0	1	128	1	128	4.55e-85	244	128	128
sp|P62987|RL40_HUMAN	AEC09212.1	92.188	128	10	0	1	128	1	128	4.55e-85	244	128	128
sp|P62987|RL40_HUMAN	ANM67152.1	94.805	77	4	0	1	77	1	77	4.23e-48	151	128	153
sp|P62987|RL40_HUMAN	ANM67152.1	94.805	77	4	0	1	77	77	153	5.63e-48	151	128	153
sp|P62987|RL40_HUMAN	AEE82471.1	94.805	77	4	0	1	77	1	77	4.23e-48	151	128	153
sp|P62987|RL40_HUMAN	AEE82471.1	94.805	77	4	0	1	77	77	153	5.63e-48	151	128	153
sp|P62987|RL40_HUMAN	AEC09134.1	96.053	76	3	0	1	76	1	76	9.91e-48	150	128	154
sp|P62987|RL40_HUMAN	AEC09134.1	60.526	76	30	0	3	78	79	154	3.86e-27	98.6	128	154
sp|P62987|RL40_HUMAN	AEE31344.1	96.053	76	3	0	1	76	1	76	1.37e-47	150	128	156
sp|P62987|RL40_HUMAN	AEE31344.1	62.667	75	28	0	3	77	79	153	9.82e-28	100	128	156
sp|P62987|RL40_HUMAN	AEE80327.1	96.053	76	3	0	1	76	1	76	1.41e-47	150	128	157
sp|P62987|RL40_HUMAN	AEC10802.1	96.053	76	3	0	1	76	1	76	1.41e-47	150	128	157
sp|P62987|RL40_HUMAN	AEC10801.1	96.053	76	3	0	1	76	1	76	1.41e-47	150	128	157
sp|P62987|RL40_HUMAN	AEE30384.1	96.053	76	3	0	1	76	1	76	1.72e-47	150	128	156
sp|P62191|PRS4_HUMAN	AEC06970.1	77.201	443	98	2	1	440	1	443	0.0	705	440	443
sp|P62191|PRS4_HUMAN	AEE85578.1	77.201	443	98	3	1	440	1	443	0.0	700	440	443
sp|P62191|PRS4_HUMAN	AED97029.1	50.416	361	177	1	61	421	33	391	1.20e-135	396	440	408
sp|P62191|PRS4_HUMAN	AED92778.1	49.866	373	181	2	61	432	42	409	4.61e-119	354	440	419
sp|P62191|PRS4_HUMAN	ANM69329.1	48.947	380	181	4	66	432	30	409	2.65e-118	352	440	419
sp|P62191|PRS4_HUMAN	AED92777.1	48.947	380	181	4	66	432	30	409	2.65e-118	352	440	419
sp|P62191|PRS4_HUMAN	ANM69328.1	53.231	325	151	1	109	432	27	351	6.33e-118	349	440	361
sp|P62191|PRS4_HUMAN	AEE28396.1	46.053	380	184	2	73	431	37	416	1.10e-114	343	440	423
sp|P62191|PRS4_HUMAN	AEE74254.1	45.526	380	186	1	73	431	38	417	2.75e-114	342	440	424
sp|P62191|PRS4_HUMAN	AEE32992.1	47.774	337	170	2	106	436	85	421	1.02e-107	325	440	426
sp|Q04323|UBXN1_HUMAN	AEE27751.1	40.230	174	82	2	7	180	116	267	5.62e-15	75.1	297	413
sp|Q04323|UBXN1_HUMAN	ANM60889.1	39.773	176	84	2	5	180	25	178	6.27e-15	74.3	297	324
sp|Q04323|UBXN1_HUMAN	AEE76405.1	48.837	43	22	0	10	52	622	664	2.49e-08	55.5	297	797
sp|Q04323|UBXN1_HUMAN	AED95711.1	30.392	204	111	8	7	202	17	197	3.79e-08	54.3	297	323
sp|Q04323|UBXN1_HUMAN	ANM71143.1	31.373	204	109	9	7	202	17	197	3.86e-08	53.5	297	232
sp|Q04323|UBXN1_HUMAN	AEE35045.1	51.351	37	18	0	10	46	1280	1316	1.81e-05	47.0	297	3658
sp|Q04323|UBXN1_HUMAN	ANM62378.1	30.380	79	51	1	214	292	317	391	2.05e-05	46.2	297	531
sp|Q04323|UBXN1_HUMAN	AEC10230.1	30.380	79	51	1	214	292	317	391	2.05e-05	46.2	297	531
sp|Q04323|UBXN1_HUMAN	AEC10229.1	30.380	79	51	1	214	292	317	391	2.05e-05	46.2	297	531
sp|Q04323|UBXN1_HUMAN	AEE82374.1	31.776	107	60	5	189	289	201	300	1.74e-04	43.1	297	303
sp|Q8NFI3|ENASE_HUMAN	AED90876.1	33.881	670	382	18	80	724	19	652	6.76e-107	341	743	680
sp|Q8NFI3|ENASE_HUMAN	AEE74996.2	34.116	639	381	17	82	704	26	640	1.53e-106	340	743	679
sp|Q8NFI3|ENASE_HUMAN	ANM65635.1	34.116	639	381	17	82	704	63	677	3.24e-106	340	743	716
sp|Q8NFI3|ENASE_HUMAN	ANM65636.1	33.283	658	383	18	82	704	63	699	1.78e-103	334	743	738
sp|Q8NFI3|ENASE_HUMAN	ANM63438.1	41.463	41	24	0	348	388	3	43	2.53e-04	44.7	743	427
sp|Q8NFI3|ENASE_HUMAN	AEE80136.1	41.463	41	24	0	348	388	3	43	2.53e-04	44.7	743	427
sp|Q9BUN8|DERL1_HUMAN	AEE84506.1	33.796	216	124	4	4	206	5	214	4.63e-31	115	251	244
sp|Q9BUN8|DERL1_HUMAN	AEE85618.1	30.736	231	149	4	1	229	1	222	2.04e-30	114	251	266
sp|Q9BUN8|DERL1_HUMAN	ANM66540.1	31.579	209	137	3	1	207	1	205	5.79e-30	112	251	215
sp|Q9BUN8|DERL1_HUMAN	AEE82434.1	33.333	216	125	4	4	206	5	214	1.35e-29	111	251	244
sp|Q13724|MOGS_HUMAN	AEE34653.1	39.295	794	427	18	70	837	85	849	0.0	543	837	852
sp|Q13724|MOGS_HUMAN	AEE30516.1	37.672	799	433	17	70	837	22	786	8.05e-176	527	837	789
sp|Q13724|MOGS_HUMAN	ANM59279.1	36.869	792	418	16	70	837	22	755	2.48e-171	514	837	758
sp|Q13724|MOGS_HUMAN	AEE34654.1	40.183	657	342	16	205	837	136	765	5.19e-147	451	837	768
sp|P0CG48|UBC_HUMAN	AEE82502.1	95.842	457	19	0	1	457	1	457	0.0	870	685	457
sp|P0CG48|UBC_HUMAN	AEE82502.1	95.842	457	19	0	77	533	1	457	0.0	870	685	457
sp|P0CG48|UBC_HUMAN	AEE82502.1	95.842	457	19	0	153	609	1	457	0.0	870	685	457
sp|P0CG48|UBC_HUMAN	AEE82502.1	96.053	456	18	0	229	684	1	456	0.0	870	685	457
sp|P0CG48|UBC_HUMAN	AEE82502.1	95.801	381	16	0	305	685	1	381	0.0	726	685	457
sp|P0CG48|UBC_HUMAN	AEE82500.1	95.842	457	19	0	1	457	1	457	0.0	870	685	457
sp|P0CG48|UBC_HUMAN	AEE82500.1	95.842	457	19	0	77	533	1	457	0.0	870	685	457
sp|P0CG48|UBC_HUMAN	AEE82500.1	95.842	457	19	0	153	609	1	457	0.0	870	685	457
sp|P0CG48|UBC_HUMAN	AEE82500.1	96.053	456	18	0	229	684	1	456	0.0	870	685	457
sp|P0CG48|UBC_HUMAN	AEE82500.1	95.801	381	16	0	305	685	1	381	0.0	726	685	457
sp|P0CG48|UBC_HUMAN	ANM63421.1	73.365	627	142	6	1	606	3	625	0.0	853	685	631
sp|P0CG48|UBC_HUMAN	ANM63421.1	73.365	627	142	6	77	682	3	625	0.0	853	685	631
sp|P0CG48|UBC_HUMAN	ANM63421.1	72.563	554	127	6	153	685	3	552	0.0	744	685	631
sp|P0CG48|UBC_HUMAN	AEE74813.1	73.365	627	142	6	1	606	3	625	0.0	853	685	631
sp|P0CG48|UBC_HUMAN	AEE74813.1	73.365	627	142	6	77	682	3	625	0.0	853	685	631
sp|P0CG48|UBC_HUMAN	AEE74813.1	72.563	554	127	6	153	685	3	552	0.0	744	685	631
sp|P0CG48|UBC_HUMAN	AEE82505.1	95.801	381	16	0	1	381	1	381	0.0	726	685	381
sp|P0CG48|UBC_HUMAN	AEE82505.1	95.801	381	16	0	77	457	1	381	0.0	726	685	381
sp|P0CG48|UBC_HUMAN	AEE82505.1	95.801	381	16	0	153	533	1	381	0.0	726	685	381
sp|P0CG48|UBC_HUMAN	AEE82505.1	95.801	381	16	0	229	609	1	381	0.0	726	685	381
sp|P0CG48|UBC_HUMAN	AEE82505.1	96.053	380	15	0	305	684	1	380	0.0	726	685	381
sp|P0CG48|UBC_HUMAN	AEE82505.1	95.738	305	13	0	381	685	1	305	0.0	582	685	381
sp|P0CG48|UBC_HUMAN	AEE82504.1	95.801	381	16	0	1	381	1	381	0.0	726	685	381
sp|P0CG48|UBC_HUMAN	AEE82504.1	95.801	381	16	0	77	457	1	381	0.0	726	685	381
sp|P0CG48|UBC_HUMAN	AEE82504.1	95.801	381	16	0	153	533	1	381	0.0	726	685	381
sp|P0CG48|UBC_HUMAN	AEE82504.1	95.801	381	16	0	229	609	1	381	0.0	726	685	381
sp|P0CG48|UBC_HUMAN	AEE82504.1	96.053	380	15	0	305	684	1	380	0.0	726	685	381
sp|P0CG48|UBC_HUMAN	AEE82504.1	95.738	305	13	0	381	685	1	305	0.0	582	685	381
sp|P0CG48|UBC_HUMAN	AEE82501.1	95.801	381	16	0	1	381	1	381	0.0	726	685	381
sp|P0CG48|UBC_HUMAN	AEE82501.1	95.801	381	16	0	77	457	1	381	0.0	726	685	381
sp|P0CG48|UBC_HUMAN	AEE82501.1	95.801	381	16	0	153	533	1	381	0.0	726	685	381
sp|P0CG48|UBC_HUMAN	AEE82501.1	95.801	381	16	0	229	609	1	381	0.0	726	685	381
sp|P0CG48|UBC_HUMAN	AEE82501.1	96.053	380	15	0	305	684	1	380	0.0	726	685	381
sp|P0CG48|UBC_HUMAN	AEE82501.1	95.738	305	13	0	381	685	1	305	0.0	582	685	381
sp|P0CG48|UBC_HUMAN	AED92867.1	96.053	380	15	0	1	380	1	380	0.0	726	685	382
sp|P0CG48|UBC_HUMAN	AED92867.1	96.053	380	15	0	77	456	1	380	0.0	726	685	382
sp|P0CG48|UBC_HUMAN	AED92867.1	96.053	380	15	0	153	532	1	380	0.0	726	685	382
sp|P0CG48|UBC_HUMAN	AED92867.1	96.053	380	15	0	229	608	1	380	0.0	726	685	382
sp|P0CG48|UBC_HUMAN	AED92867.1	96.053	380	15	0	305	684	1	380	0.0	726	685	382
sp|P0CG48|UBC_HUMAN	AED92867.1	95.738	305	13	0	381	685	1	305	0.0	582	685	382
sp|P0CG48|UBC_HUMAN	ANM70788.1	96.053	304	12	0	1	304	1	304	0.0	582	685	306
sp|P0CG48|UBC_HUMAN	ANM70788.1	96.053	304	12	0	77	380	1	304	0.0	582	685	306
sp|P0CG48|UBC_HUMAN	ANM70788.1	96.053	304	12	0	153	456	1	304	0.0	582	685	306
sp|P0CG48|UBC_HUMAN	ANM70788.1	96.053	304	12	0	229	532	1	304	0.0	582	685	306
sp|P0CG48|UBC_HUMAN	ANM70788.1	96.053	304	12	0	305	608	1	304	0.0	582	685	306
sp|P0CG48|UBC_HUMAN	ANM70788.1	96.053	304	12	0	381	684	1	304	0.0	582	685	306
sp|P0CG48|UBC_HUMAN	ANM70788.1	95.633	229	10	0	457	685	1	229	3.67e-150	438	685	306
sp|P0CG48|UBC_HUMAN	AED90576.1	96.053	304	12	0	1	304	1	304	0.0	582	685	306
sp|P0CG48|UBC_HUMAN	AED90576.1	96.053	304	12	0	77	380	1	304	0.0	582	685	306
sp|P0CG48|UBC_HUMAN	AED90576.1	96.053	304	12	0	153	456	1	304	0.0	582	685	306
sp|P0CG48|UBC_HUMAN	AED90576.1	96.053	304	12	0	229	532	1	304	0.0	582	685	306
sp|P0CG48|UBC_HUMAN	AED90576.1	96.053	304	12	0	305	608	1	304	0.0	582	685	306
sp|P0CG48|UBC_HUMAN	AED90576.1	96.053	304	12	0	381	684	1	304	0.0	582	685	306
sp|P0CG48|UBC_HUMAN	AED90576.1	95.633	229	10	0	457	685	1	229	3.67e-150	438	685	306
sp|Q9UKV5|AMFR_HUMAN	AEE34319.1	29.874	318	203	7	76	387	35	338	7.13e-41	155	643	460
sp|Q9UKV5|AMFR_HUMAN	AEE34321.1	35.776	232	138	5	158	387	45	267	1.69e-37	144	643	389
sp|Q9UKV5|AMFR_HUMAN	AEE75770.1	28.784	403	213	12	14	396	4	352	2.95e-37	145	643	492
sp|Q9UKV5|AMFR_HUMAN	ANM59661.1	28.481	316	187	6	76	387	35	315	7.94e-37	143	643	437
sp|Q9UKV5|AMFR_HUMAN	ANM59663.1	32.589	224	124	3	164	387	1	197	7.36e-34	132	643	319
sp|Q9UKV5|AMFR_HUMAN	AEE34320.1	38.415	164	96	2	224	387	1	159	2.93e-32	126	643	281
sp|Q9UKV5|AMFR_HUMAN	ANM59662.1	38.415	164	96	2	224	387	27	185	6.67e-32	125	643	259
sp|Q9UKV5|AMFR_HUMAN	ANM66650.1	27.855	359	228	5	75	403	51	408	3.53e-31	129	643	578
sp|Q9UKV5|AMFR_HUMAN	ANM66650.1	36.364	55	35	0	441	495	523	577	2.09e-04	45.1	643	578
sp|Q9UKV5|AMFR_HUMAN	AEE85029.1	27.855	359	228	5	75	403	51	408	3.53e-31	129	643	578
sp|Q9UKV5|AMFR_HUMAN	AEE85029.1	36.364	55	35	0	441	495	523	577	2.09e-04	45.1	643	578
sp|Q9UKV5|AMFR_HUMAN	AEE85028.1	27.855	359	228	5	75	403	51	408	3.53e-31	129	643	578
sp|Q9UKV5|AMFR_HUMAN	AEE85028.1	36.364	55	35	0	441	495	523	577	2.09e-04	45.1	643	578
sp|P62979|RS27A_HUMAN	AEE30384.1	82.051	156	28	0	1	156	1	156	6.25e-83	241	156	156
sp|P62979|RS27A_HUMAN	AEC10802.1	85.526	152	22	0	1	152	1	152	7.28e-80	233	156	157
sp|P62979|RS27A_HUMAN	AEC10801.1	85.526	152	22	0	1	152	1	152	7.28e-80	233	156	157
sp|P62979|RS27A_HUMAN	AEE80327.1	84.868	152	23	0	1	152	1	152	1.32e-79	233	156	157
sp|P62979|RS27A_HUMAN	ANM67152.1	93.590	78	5	0	1	78	1	78	1.53e-47	151	156	153
sp|P62979|RS27A_HUMAN	ANM67152.1	96.053	76	3	0	1	76	77	152	1.94e-47	151	156	153
sp|P62979|RS27A_HUMAN	AEE82471.1	93.590	78	5	0	1	78	1	78	1.53e-47	151	156	153
sp|P62979|RS27A_HUMAN	AEE82471.1	96.053	76	3	0	1	76	77	152	1.94e-47	151	156	153
sp|P62979|RS27A_HUMAN	AEC09134.1	96.053	76	3	0	1	76	1	76	2.04e-47	151	156	154
sp|P62979|RS27A_HUMAN	AEC09134.1	62.162	74	28	0	3	76	79	152	3.02e-26	97.4	156	154
sp|P62979|RS27A_HUMAN	AEE78966.1	96.053	76	3	0	1	76	1	76	2.95e-47	150	156	128
sp|P62979|RS27A_HUMAN	AEC09212.1	96.053	76	3	0	1	76	1	76	2.95e-47	150	156	128
sp|P62979|RS27A_HUMAN	AEE31344.1	94.805	77	4	0	1	77	1	77	3.51e-47	150	156	156
sp|P62979|RS27A_HUMAN	AEE31344.1	63.514	74	27	0	3	76	79	152	2.83e-27	100	156	156
sp|P54727|RD23B_HUMAN	AEE36281.1	38.095	420	195	10	1	407	1	368	2.79e-81	254	409	371
sp|P54727|RD23B_HUMAN	AEE36282.1	38.084	428	208	11	1	407	1	392	6.84e-81	254	409	395
sp|P54727|RD23B_HUMAN	AEE36279.1	38.810	420	186	12	1	407	1	362	9.99e-80	250	409	365
sp|P54727|RD23B_HUMAN	AEE73824.1	37.358	439	224	12	1	408	1	419	7.83e-77	244	409	419
sp|P54727|RD23B_HUMAN	AEE73826.1	37.130	439	224	12	1	408	1	418	2.20e-76	243	409	418
sp|P54727|RD23B_HUMAN	AEE29418.1	35.581	430	189	10	1	407	1	365	8.73e-73	232	409	368
sp|P54727|RD23B_HUMAN	AEE36280.1	35.952	420	184	11	1	407	1	348	1.24e-68	221	409	351
sp|P54727|RD23B_HUMAN	ANM60864.1	35.468	406	174	10	25	407	2	342	6.22e-66	214	409	345
sp|P54727|RD23B_HUMAN	AED94321.1	34.038	426	200	11	1	402	1	369	1.52e-65	214	409	378
sp|P54727|RD23B_HUMAN	AED94322.1	32.520	369	180	9	1	346	1	323	6.53e-48	166	409	332
sp|Q96IV0|NGLY1_HUMAN	AED95831.1	44.631	298	159	5	179	473	124	418	1.30e-68	238	654	721
sp|Q96IV0|NGLY1_HUMAN	ANM60889.1	41.270	63	35	1	31	91	235	297	4.64e-07	52.8	654	324
sp|Q96IV0|NGLY1_HUMAN	AEE27751.1	41.270	63	35	1	31	91	324	386	4.92e-07	53.1	654	413
sp|P55072|TERA_HUMAN	AED90587.1	78.981	785	159	5	5	786	8	789	0.0	1291	806	810
sp|P55072|TERA_HUMAN	AEE79050.1	76.847	812	178	5	2	805	5	814	0.0	1282	806	815
sp|P55072|TERA_HUMAN	AEE74820.1	78.426	788	164	5	2	786	5	789	0.0	1264	806	809
sp|P55072|TERA_HUMAN	AEE73695.1	42.399	592	296	8	203	767	232	805	1.68e-144	446	806	820
sp|P55072|TERA_HUMAN	ANM64084.1	42.399	592	296	8	203	767	232	805	3.48e-144	445	806	830
sp|P55072|TERA_HUMAN	AEC05734.1	41.959	541	286	6	205	733	23	547	1.61e-138	423	806	603
sp|P55072|TERA_HUMAN	AEC05734.1	44.397	232	125	1	200	427	282	513	3.02e-52	192	806	603
sp|P55072|TERA_HUMAN	ANM62914.1	43.914	419	211	5	205	615	23	425	3.71e-110	343	806	430
sp|P55072|TERA_HUMAN	ANM62914.1	36.134	238	139	4	478	707	23	255	6.12e-36	142	806	430
sp|P55072|TERA_HUMAN	ANM62914.1	42.254	142	78	1	200	337	282	423	4.24e-25	109	806	430
sp|P55072|TERA_HUMAN	AEE27513.1	34.915	590	319	18	224	763	363	937	1.26e-88	300	806	941
sp|P55072|TERA_HUMAN	AEE27513.1	41.948	267	149	5	201	462	655	920	2.54e-52	197	806	941
sp|P55072|TERA_HUMAN	AEE79552.1	49.242	264	133	1	443	706	690	952	1.26e-81	283	806	1022
sp|P55072|TERA_HUMAN	AEE79552.1	44.262	244	134	1	200	441	720	963	2.36e-58	216	806	1022
sp|P55072|TERA_HUMAN	AEE79552.1	46.429	224	118	2	206	428	387	609	3.37e-58	215	806	1022
sp|P55072|TERA_HUMAN	AEE79552.1	42.500	200	111	2	506	704	413	609	4.30e-40	160	806	1022
sp|P55072|TERA_HUMAN	ANM69805.1	34.281	563	322	12	179	710	520	1065	1.90e-78	275	806	1121
sp|P55072|TERA_HUMAN	ANM69805.1	40.449	267	155	2	166	428	793	1059	3.41e-49	188	806	1121
sp|Q14165|MLEC_HUMAN	ANM58077.1	29.487	156	92	5	92	236	211	359	5.83e-07	51.2	292	1215
sp|Q14165|MLEC_HUMAN	ANM58078.1	29.487	156	92	5	92	236	212	360	5.83e-07	51.2	292	1216
sp|Q14165|MLEC_HUMAN	AEE32940.1	30.263	76	44	2	91	160	432	504	5.06e-04	42.0	292	997
sp|Q14165|MLEC_HUMAN	AEE32939.2	30.263	76	44	2	91	160	473	545	5.92e-04	42.0	292	1038
sp|Q14697|GANAB_HUMAN	ANM68707.1	44.399	973	436	17	18	943	33	947	0.0	831	944	948
sp|Q14697|GANAB_HUMAN	AED97803.1	44.399	973	436	17	18	943	6	920	0.0	831	944	921
sp|Q14697|GANAB_HUMAN	AEE76794.1	35.490	572	324	12	336	886	136	683	2.33e-100	337	944	991
sp|Q14697|GANAB_HUMAN	AEE76793.1	35.490	572	324	12	336	886	136	683	2.33e-100	337	944	991
sp|Q14697|GANAB_HUMAN	ANM65984.1	35.490	572	324	12	336	886	205	752	5.60e-100	337	944	1060
sp|Q14697|GANAB_HUMAN	AED91714.1	35.182	523	300	10	360	852	278	791	3.68e-90	307	944	902
sp|Q14697|GANAB_HUMAN	AEE78092.1	30.836	694	408	19	227	896	140	785	7.06e-86	295	944	868
sp|Q14697|GANAB_HUMAN	AEE34811.1	29.011	748	441	21	228	914	149	867	4.10e-82	285	944	915
sp|Q5BKT4|AG10A_HUMAN	AED90469.1	31.557	488	282	13	33	473	27	509	5.88e-67	223	473	509
sp|Q92685|ALG3_HUMAN	ANM62178.1	44.240	434	210	9	27	435	11	437	7.86e-95	292	438	438
sp|Q92685|ALG3_HUMAN	AEC10884.1	44.240	434	209	10	27	435	11	436	1.04e-93	290	438	437
sp|Q92685|ALG3_HUMAN	ANM62179.1	44.612	399	196	7	27	407	11	402	1.29e-91	283	438	412
sp|Q92685|ALG3_HUMAN	AEC10883.2	44.612	399	196	7	27	407	11	402	1.46e-91	283	438	415
sp|Q92685|ALG3_HUMAN	AEC10885.1	44.414	367	184	5	27	376	11	374	2.71e-85	266	438	380
sp|Q9H3H5|GPT_HUMAN	AEE79628.1	43.564	404	165	9	5	399	70	419	3.66e-96	294	408	426
sp|Q9H3H5|GPT_HUMAN	AEC09990.1	43.069	404	167	7	5	399	75	424	1.59e-95	293	408	431
sp|Q9BV10|ALG12_HUMAN	AEE27391.1	43.521	409	226	3	16	420	19	426	3.52e-115	348	488	497
sp|Q9BV10|ALG12_HUMAN	AEE27389.1	43.276	409	223	4	16	420	19	422	4.05e-112	340	488	493
sp|Q9BV10|ALG12_HUMAN	AEE27392.1	42.670	382	214	3	43	420	2	382	5.67e-103	316	488	453
sp|Q9BV10|ALG12_HUMAN	AEE27390.1	43.925	214	120	0	43	256	2	215	1.27e-57	194	488	332
sp|Q9BV10|ALG12_HUMAN	ANM69508.1	23.529	340	217	10	8	319	25	349	5.39e-09	58.9	488	521
sp|Q9BV10|ALG12_HUMAN	AED92082.1	23.529	340	217	10	8	319	25	349	7.94e-09	58.5	488	529
sp|Q9BV10|ALG12_HUMAN	AED92081.1	23.529	340	217	10	8	319	25	349	9.68e-09	58.2	488	548
sp|Q9BV10|ALG12_HUMAN	ANM69511.1	26.415	212	136	5	122	319	63	268	1.31e-08	57.8	488	467
sp|Q9BV10|ALG12_HUMAN	ANM69510.1	25.521	192	128	3	140	319	5	193	9.47e-08	54.7	488	392
sp|Q9BV10|ALG12_HUMAN	ANM69509.1	25.521	192	128	3	140	319	5	193	9.47e-08	54.7	488	392
sp|Q9Y672|ALG6_HUMAN	AED94320.1	39.364	503	282	8	10	505	45	531	1.01e-110	339	507	533
sp|Q9Y672|ALG6_HUMAN	AED94319.1	39.364	503	282	8	10	505	45	531	1.01e-110	339	507	533
sp|Q9Y672|ALG6_HUMAN	AEC10452.1	27.962	422	254	13	37	420	34	443	1.10e-29	122	507	506
sp|Q96F25|ALG14_HUMAN	ANM66436.1	42.079	202	102	6	22	213	34	230	2.45e-44	148	216	233
sp|Q96F25|ALG14_HUMAN	AEE84014.1	42.079	202	102	6	22	213	34	230	2.45e-44	148	216	233
sp|Q96F25|ALG14_HUMAN	ANM66438.1	40.385	156	80	5	22	169	34	184	2.59e-31	114	216	213
sp|Q96F25|ALG14_HUMAN	ANM66437.1	40.385	156	80	5	22	169	34	184	2.59e-31	114	216	213
sp|Q9NP73|ALG13_HUMAN	ANM66634.1	45.600	125	66	1	2	124	10	134	5.03e-30	117	1137	176
sp|Q9NP73|ALG13_HUMAN	ANM66633.1	45.600	125	66	1	2	124	10	134	5.03e-30	117	1137	176
sp|Q9NP73|ALG13_HUMAN	AEE83790.1	45.600	125	66	1	2	124	10	134	5.03e-30	117	1137	176
sp|Q9NP73|ALG13_HUMAN	AEE83789.1	45.600	125	66	1	2	124	10	134	5.03e-30	117	1137	176
sp|Q9NP73|ALG13_HUMAN	AED98310.2	30.872	149	91	5	214	353	17	162	8.88e-11	65.9	1137	375
sp|Q9NP73|ALG13_HUMAN	AED98309.1	30.872	149	91	5	214	353	17	162	8.88e-11	65.9	1137	375
sp|Q9NP73|ALG13_HUMAN	AEC07984.1	29.032	124	86	1	228	349	213	336	2.14e-10	65.1	1137	506
sp|Q9NP73|ALG13_HUMAN	AEC07983.1	29.032	124	86	1	228	349	213	336	2.14e-10	65.1	1137	506
sp|Q9NP73|ALG13_HUMAN	AEC07982.1	29.032	124	86	1	228	349	213	336	2.14e-10	65.1	1137	506
sp|Q9NP73|ALG13_HUMAN	AEC07981.1	29.032	124	86	1	228	349	213	336	2.14e-10	65.1	1137	506
sp|Q9BVK2|ALG8_HUMAN	AEC10452.1	43.529	510	247	11	13	507	14	497	5.45e-122	368	526	506
sp|Q9BVK2|ALG8_HUMAN	AED94320.1	26.786	504	310	16	36	526	72	529	3.39e-28	118	526	533
sp|Q9BVK2|ALG8_HUMAN	AED94319.1	26.786	504	310	16	36	526	72	529	3.39e-28	118	526	533
sp|Q5I7T1|AG10B_HUMAN	AED90469.1	32.106	489	278	14	33	473	27	509	2.93e-68	227	473	509
sp|O75352|MPU1_HUMAN	AED97193.1	35.945	217	128	3	37	247	25	236	8.09e-31	114	247	239
sp|O75352|MPU1_HUMAN	ANM66935.1	34.450	209	128	2	31	234	19	223	2.38e-28	108	247	235
sp|O75352|MPU1_HUMAN	AEE82564.1	34.450	209	128	2	31	234	19	223	2.38e-28	108	247	235
sp|O75352|MPU1_HUMAN	AED97194.1	39.080	87	53	0	37	123	25	111	3.42e-14	68.2	247	148
sp|Q2TAA5|ALG11_HUMAN	AEC09794.1	46.512	430	226	3	62	491	33	458	1.24e-137	405	492	463
sp|Q2TAA5|ALG11_HUMAN	AEE36155.1	26.235	324	186	12	157	466	95	379	3.13e-17	84.0	492	403
sp|Q9H6U8|ALG9_HUMAN	AEE29518.1	34.011	541	329	9	62	598	50	566	1.30e-84	276	611	570
sp|Q9H6U8|ALG9_HUMAN	AED92082.1	26.975	367	207	14	50	391	32	362	1.88e-16	83.2	611	529
sp|Q9H6U8|ALG9_HUMAN	ANM69508.1	26.975	367	207	14	50	391	32	362	2.37e-16	82.8	611	521
sp|Q9H6U8|ALG9_HUMAN	AED92081.1	26.975	367	207	14	50	391	32	362	2.37e-16	82.8	611	548
sp|Q9H6U8|ALG9_HUMAN	ANM69511.1	26.984	315	170	13	102	391	2	281	8.76e-11	65.1	611	467
sp|Q9H6U8|ALG9_HUMAN	ANM69510.1	28.800	125	70	3	268	391	100	206	1.60e-07	54.3	611	392
sp|Q9H6U8|ALG9_HUMAN	ANM69509.1	28.800	125	70	3	268	391	100	206	1.60e-07	54.3	611	392
sp|Q9H553|ALG2_HUMAN	AEE36155.1	47.255	419	195	8	1	415	1	397	4.15e-125	368	416	403
sp|Q9H553|ALG2_HUMAN	ANM64625.1	28.643	199	120	7	224	407	571	762	6.46e-11	64.7	416	808
sp|Q9H553|ALG2_HUMAN	AEE77773.1	28.643	199	120	7	224	407	571	762	6.46e-11	64.7	416	808
sp|Q9H553|ALG2_HUMAN	ANM71045.1	28.141	199	121	7	224	407	571	762	5.96e-10	62.0	416	808
sp|Q9H553|ALG2_HUMAN	AED92895.1	28.141	199	121	7	224	407	571	762	5.96e-10	62.0	416	808
sp|Q9H553|ALG2_HUMAN	AED92894.1	28.141	199	121	7	224	407	571	762	5.96e-10	62.0	416	808
sp|Q9H553|ALG2_HUMAN	ANM70193.1	25.114	219	136	8	219	414	553	766	6.10e-09	58.5	416	797
sp|Q9H553|ALG2_HUMAN	AED95780.1	25.114	219	136	8	219	414	563	776	6.57e-09	58.5	416	807
sp|Q9H553|ALG2_HUMAN	ANM70192.1	25.114	219	136	8	219	414	497	710	6.71e-09	58.5	416	741
sp|Q9H553|ALG2_HUMAN	AEC09794.1	24.252	301	210	9	112	407	163	450	2.10e-07	53.5	416	463
sp|Q96AA3|RFT1_HUMAN	ANM70551.1	33.140	516	301	12	11	511	12	498	4.18e-67	226	541	522
sp|Q96AA3|RFT1_HUMAN	AED91187.1	33.140	516	301	12	11	511	101	587	2.28e-66	226	541	611
sp|Q9BT22|ALG1_HUMAN	AEE29472.1	41.866	461	234	11	27	461	3	455	1.77e-110	334	464	465
sp|Q9BT22|ALG1_HUMAN	AEE29473.1	39.431	492	233	12	27	461	3	486	4.34e-105	322	464	496
sp|Q09327|MGAT3_HUMAN	AEE77335.1	26.724	348	190	13	175	498	71	377	1.67e-19	90.9	533	390
sp|Q09327|MGAT3_HUMAN	AEE28957.1	25.962	312	177	9	202	498	111	383	5.00e-19	89.7	533	392
sp|Q09327|MGAT3_HUMAN	AEC06224.1	26.582	316	178	9	200	498	75	353	1.66e-18	87.8	533	361
sp|Q09327|MGAT3_HUMAN	AEC06223.1	26.582	316	178	9	200	498	75	353	1.66e-18	87.8	533	361
sp|Q09327|MGAT3_HUMAN	AEE34714.1	25.298	336	200	9	174	498	86	381	2.53e-18	87.4	533	390
sp|Q09327|MGAT3_HUMAN	AED92039.1	25.806	310	180	10	202	498	106	378	6.04e-18	86.3	533	387
sp|Q09327|MGAT3_HUMAN	AEE73696.1	25.321	312	180	10	202	498	106	379	9.92e-17	82.8	533	388
sp|P15907|SIAT1_HUMAN	AEE78459.1	50.943	53	26	0	181	233	172	224	4.88e-11	64.7	406	440
sp|P15907|SIAT1_HUMAN	AEE78460.1	50.943	53	26	0	181	233	163	215	4.90e-11	64.7	406	431
sp|P15907|SIAT1_HUMAN	AEE28269.1	46.296	54	29	0	184	237	177	230	1.57e-08	56.6	406	398
sp|P15907|SIAT1_HUMAN	ANM57712.1	28.395	162	80	6	183	343	129	255	5.79e-08	54.3	406	296
sp|P15907|SIAT1_HUMAN	AEE28329.1	28.395	162	80	6	183	343	180	306	7.33e-08	54.3	406	347
sp|P15907|SIAT1_HUMAN	AEE28328.1	28.395	162	80	6	183	343	180	306	9.47e-08	54.3	406	474
sp|Q92186|SIA8B_HUMAN	AEE28328.1	29.670	182	93	6	135	315	159	306	1.39e-10	63.2	375	474
sp|Q92186|SIA8B_HUMAN	AEE78460.1	42.857	70	40	0	137	206	146	215	1.88e-10	62.4	375	431
sp|Q92186|SIA8B_HUMAN	AEE78459.1	42.857	70	40	0	137	206	155	224	1.94e-10	62.4	375	440
sp|Q92186|SIA8B_HUMAN	ANM57712.1	46.377	69	36	1	135	202	108	176	2.15e-10	61.6	375	296
sp|Q92186|SIA8B_HUMAN	AEE28329.1	46.377	69	36	1	135	202	159	227	2.39e-10	62.0	375	347
sp|Q92186|SIA8B_HUMAN	AEE28269.1	38.462	65	40	0	149	213	169	233	1.79e-08	56.2	375	398
sp|O43173|SIA8C_HUMAN	AEE28269.1	49.254	67	34	0	151	217	166	232	1.05e-10	63.2	380	398
sp|O43173|SIA8C_HUMAN	AEE78460.1	38.462	65	40	0	147	211	151	215	1.30e-07	53.9	380	431
sp|O43173|SIA8C_HUMAN	AEE78459.1	38.462	65	40	0	147	211	160	224	1.40e-07	53.5	380	440
sp|O43173|SIA8C_HUMAN	ANM57712.1	34.314	102	63	3	106	206	77	175	6.88e-07	50.8	380	296
sp|O43173|SIA8C_HUMAN	AEE28328.1	34.314	102	63	3	106	206	128	226	9.75e-07	51.2	380	474
sp|O43173|SIA8C_HUMAN	AEE28329.1	34.314	102	63	3	106	206	128	226	1.00e-06	50.8	380	347
sp|Q11206|SIA4C_HUMAN	AEE28269.1	28.723	188	106	6	111	282	168	343	3.18e-10	61.2	333	398
sp|Q11206|SIA4C_HUMAN	AEE78460.1	27.074	229	123	7	73	298	122	309	1.58e-09	59.3	333	431
sp|Q11206|SIA4C_HUMAN	AEE78459.1	27.074	229	123	7	73	298	131	318	1.60e-09	59.3	333	440
sp|Q11206|SIA4C_HUMAN	AEE28328.1	27.168	173	86	5	119	289	180	314	1.72e-06	50.1	333	474
sp|Q11206|SIA4C_HUMAN	ANM57712.1	27.168	173	86	5	119	289	129	263	2.26e-06	48.9	333	296
sp|Q11206|SIA4C_HUMAN	AEE28329.1	27.168	173	86	5	119	289	180	314	2.43e-06	49.3	333	347
sp|P61647|SIA8F_HUMAN	AEE28269.1	27.570	214	117	7	183	376	174	369	5.64e-08	55.1	398	398
sp|P61647|SIA8F_HUMAN	AEE28328.1	34.444	90	57	1	171	258	166	255	2.90e-06	49.7	398	474
sp|P61647|SIA8F_HUMAN	ANM57712.1	34.444	90	57	1	171	258	115	204	3.64e-06	48.9	398	296
sp|P61647|SIA8F_HUMAN	AEE28329.1	34.444	90	57	1	171	258	166	255	3.76e-06	48.9	398	347
sp|P61647|SIA8F_HUMAN	AEE78459.1	28.000	175	93	5	171	343	160	303	6.06e-04	42.4	398	440
sp|P61647|SIA8F_HUMAN	AEE78460.1	28.000	175	93	5	171	343	151	294	6.72e-04	42.4	398	431
sp|O94808|GFPT2_HUMAN	AEE76855.1	50.496	705	298	10	1	682	1	677	0.0	700	682	677
sp|O94808|GFPT2_HUMAN	AEC06510.1	27.513	189	112	7	27	211	110	277	7.59e-09	59.3	682	566
sp|O94808|GFPT2_HUMAN	AEE86417.1	26.455	189	114	7	27	211	106	273	4.52e-07	53.5	682	561
sp|O94808|GFPT2_HUMAN	AEE86986.1	26.316	190	114	6	26	211	95	262	5.16e-07	53.5	682	532
sp|Q96EK6|GNA1_HUMAN	AED92203.1	42.336	137	78	1	36	171	2	138	1.77e-32	114	184	149
sp|Q06210|GFPT1_HUMAN	AEE76855.1	48.679	719	307	9	1	699	1	677	0.0	678	699	677
sp|Q06210|GFPT1_HUMAN	AEE86986.1	29.167	192	107	7	26	213	95	261	7.71e-08	56.2	699	532
sp|Q06210|GFPT1_HUMAN	AEC06510.1	27.642	123	79	3	68	189	139	252	5.39e-06	50.1	699	566
sp|Q06210|GFPT1_HUMAN	AEE86417.1	26.829	164	98	6	27	189	106	248	1.13e-05	49.3	699	561
sp|O95394|AGM1_HUMAN	AED92503.1	44.784	556	278	13	1	532	4	554	8.73e-143	423	542	556
sp|Q16222|UAP1_HUMAN	AEC09050.1	40.313	511	247	12	10	509	37	500	8.10e-116	352	522	502
sp|Q16222|UAP1_HUMAN	AEE31311.1	39.216	510	253	11	10	509	41	503	1.54e-111	340	522	505
sp|Q16222|UAP1_HUMAN	AEE31310.2	41.787	347	184	7	10	346	41	379	1.86e-80	256	522	383
sp|Q16222|UAP1_HUMAN	AED96234.1	26.316	323	209	13	5	307	29	342	1.97e-11	67.0	522	614
sp|Q16222|UAP1_HUMAN	AED95383.1	21.168	137	99	2	156	283	440	576	5.65e-07	52.8	522	653
sp|Q16222|UAP1_HUMAN	AEE79469.1	25.466	161	99	6	81	228	285	437	5.32e-04	43.5	522	883
sp|Q9UJ70|NAGK_HUMAN	AEE31241.1	27.203	261	179	6	26	281	62	316	6.73e-14	72.4	344	351
sp|Q9UJ70|NAGK_HUMAN	ANM59581.1	27.083	240	164	6	47	281	12	245	1.16e-12	67.8	344	280
sp|Q9UJ70|NAGK_HUMAN	ANM59580.1	27.083	240	164	6	47	281	12	245	1.16e-12	67.8	344	280
sp|Q9UJ70|NAGK_HUMAN	ANM59579.1	27.753	227	156	5	26	250	62	282	3.16e-11	63.9	344	310
sp|P07307|ASGR2_HUMAN	AEE32780.1	27.907	86	53	3	172	248	45	130	8.83e-04	41.2	311	552
sp|Q13454|TUSC3_HUMAN	ANM58452.1	21.782	303	211	10	60	342	44	340	5.85e-09	57.4	348	346
sp|Q13454|TUSC3_HUMAN	AEE33886.1	21.782	303	211	10	60	342	44	340	5.85e-09	57.4	348	346
sp|Q13454|TUSC3_HUMAN	AEE28751.1	19.701	335	240	11	27	342	12	336	4.48e-06	48.5	348	343
sp|P61803|DAD1_HUMAN	AEE31449.1	52.427	103	48	1	11	113	14	115	1.92e-36	120	113	115
sp|P61803|DAD1_HUMAN	ANM62783.1	51.485	101	48	1	13	113	16	115	9.99e-36	118	113	115
sp|P61803|DAD1_HUMAN	AEC09116.1	51.485	101	48	1	13	113	16	115	9.99e-36	118	113	115
sp|P61803|DAD1_HUMAN	AEC09117.1	50.980	102	48	2	13	113	16	116	7.16e-34	114	113	116
sp|P61803|DAD1_HUMAN	ANM57973.1	52.778	72	34	0	11	82	14	85	1.32e-22	85.1	113	108
sp|P46977|STT3A_HUMAN	AEE31675.1	59.301	715	266	6	4	700	27	734	0.0	858	705	735
sp|P46977|STT3A_HUMAN	AED92738.1	50.738	745	294	11	16	700	21	752	0.0	727	705	779
sp|P46977|STT3A_HUMAN	ANM70421.1	50.761	723	283	11	38	700	2	711	0.0	707	705	738
sp|P07911|UROM_HUMAN	AEE30080.1	40.000	100	52	4	13	107	223	319	2.91e-09	60.8	640	732
sp|P07911|UROM_HUMAN	AEE30080.1	41.667	72	37	3	77	144	243	313	1.14e-07	55.5	640	732
sp|P07911|UROM_HUMAN	AEE30077.1	37.179	78	43	3	35	107	258	334	9.42e-07	52.8	640	741
sp|P07911|UROM_HUMAN	AEE30077.1	40.580	69	36	3	77	141	258	325	7.87e-05	46.6	640	741
sp|P07911|UROM_HUMAN	AEE30079.1	42.667	75	36	4	77	144	247	321	3.15e-06	50.8	640	735
sp|P07911|UROM_HUMAN	AEE30079.1	36.842	76	40	3	33	100	245	320	3.01e-04	44.7	640	735
sp|P07911|UROM_HUMAN	AEE30076.1	35.135	74	43	3	71	140	238	310	1.87e-05	48.5	640	733
sp|P07911|UROM_HUMAN	AEE30076.1	40.278	72	37	3	35	101	244	314	6.89e-05	46.6	640	733
sp|P07911|UROM_HUMAN	AEE36285.1	35.461	141	56	8	20	135	169	299	1.54e-04	45.4	640	714
sp|P07911|UROM_HUMAN	AEE84276.1	42.254	71	35	3	44	114	493	557	1.67e-04	45.4	640	625
sp|P07911|UROM_HUMAN	AEE84277.1	42.254	71	35	3	44	114	496	560	1.74e-04	45.1	640	628
sp|P07911|UROM_HUMAN	AEE30075.1	32.258	93	56	4	67	152	234	326	2.07e-04	45.1	640	738
sp|P07911|UROM_HUMAN	ANM61081.1	44.898	49	24	2	89	135	263	310	2.14e-04	45.1	640	711
sp|P07911|UROM_HUMAN	AEE29428.1	44.898	49	24	2	89	135	263	310	2.14e-04	45.1	640	720
sp|P04844|RPN2_HUMAN	AEE84410.1	27.481	393	261	10	253	625	294	682	9.59e-33	134	631	691
sp|P04844|RPN2_HUMAN	AEE84408.1	27.481	393	261	10	253	625	294	682	9.59e-33	134	631	691
sp|P04844|RPN2_HUMAN	AEE84409.2	26.972	393	251	10	253	625	294	670	2.74e-30	127	631	679
sp|P04843|RPN1_HUMAN	AEE35835.1	34.915	590	363	11	31	607	27	608	1.42e-109	342	607	614
sp|P04843|RPN1_HUMAN	ANM60362.1	36.154	520	316	9	31	539	27	541	2.54e-107	334	607	560
sp|P04843|RPN1_HUMAN	AEC05488.1	36.564	454	268	9	23	465	19	463	1.06e-88	283	607	464
sp|P39656|OST48_HUMAN	AED98251.1	45.642	436	225	9	24	450	5	437	3.93e-128	378	456	437
sp|Q9H0U3|MAGT1_HUMAN	ANM58452.1	23.099	342	235	12	9	330	7	340	3.28e-09	58.2	335	346
sp|Q9H0U3|MAGT1_HUMAN	AEE33886.1	23.099	342	235	12	9	330	7	340	3.28e-09	58.2	335	346
sp|Q16706|MA2A1_HUMAN	AED92095.1	39.775	1066	583	24	128	1144	115	1170	0.0	752	1144	1173
sp|Q16706|MA2A1_HUMAN	AEE77204.1	29.099	866	491	24	154	966	20	815	2.08e-90	312	1144	943
sp|Q16706|MA2A1_HUMAN	ANM65470.1	29.032	868	493	24	154	968	20	817	2.35e-90	311	1144	921
sp|Q16706|MA2A1_HUMAN	ANM65469.1	29.032	868	493	24	154	968	20	817	3.74e-90	312	1144	969
sp|Q16706|MA2A1_HUMAN	ANM65468.1	29.032	868	493	24	154	968	20	817	4.60e-90	311	1144	945
sp|Q16706|MA2A1_HUMAN	AEE77203.1	29.099	866	491	24	154	966	20	815	8.51e-90	312	1144	1019
sp|Q16706|MA2A1_HUMAN	AED91970.1	29.268	861	482	25	166	972	37	824	2.79e-89	308	1144	921
sp|Q16706|MA2A1_HUMAN	AED91969.1	29.268	861	482	25	166	972	37	824	5.37e-89	310	1144	1024
sp|Q16706|MA2A1_HUMAN	AED91968.1	29.268	861	482	25	166	972	37	824	5.37e-89	310	1144	1024
sp|Q16706|MA2A1_HUMAN	ANM70390.1	28.423	869	492	28	166	970	47	849	1.33e-88	309	1144	1046
sp|P21217|FUT3_HUMAN	AEE32462.1	30.275	218	137	8	147	355	181	392	1.21e-19	90.5	361	513
sp|P21217|FUT3_HUMAN	AEE76217.1	28.899	218	140	8	147	355	170	381	1.71e-18	87.0	361	501
sp|P21217|FUT3_HUMAN	AEE35261.1	40.698	86	48	2	238	323	282	364	6.42e-11	63.5	361	401
sp|P04066|FUCO_HUMAN	AEC08079.1	32.051	78	49	2	110	184	76	152	2.48e-04	43.9	466	506
sp|P49641|MA2A2_HUMAN	AED92095.1	41.199	1068	553	25	136	1149	123	1169	0.0	775	1150	1173
sp|P49641|MA2A2_HUMAN	ANM70390.1	28.440	872	494	25	166	976	47	849	1.50e-87	306	1150	1046
sp|P49641|MA2A2_HUMAN	AEE77203.1	27.451	1020	574	35	164	1121	36	951	1.50e-87	306	1150	1019
sp|P49641|MA2A2_HUMAN	ANM65469.1	27.246	1035	587	35	164	1136	36	966	4.35e-87	303	1150	969
sp|P49641|MA2A2_HUMAN	ANM65470.1	28.638	859	504	27	164	983	36	824	7.43e-87	302	1150	921
sp|P49641|MA2A2_HUMAN	AEE77204.1	28.638	859	504	27	164	983	36	824	7.54e-87	302	1150	943
sp|P49641|MA2A2_HUMAN	ANM65468.1	28.638	859	504	27	164	983	36	824	8.67e-87	302	1150	945
sp|P49641|MA2A2_HUMAN	AED98165.1	28.018	878	491	26	166	976	47	850	1.68e-86	303	1150	1047
sp|P49641|MA2A2_HUMAN	AED91970.1	29.446	866	488	29	166	983	37	827	6.28e-86	299	1150	921
sp|P49641|MA2A2_HUMAN	AED91969.1	29.446	866	488	29	166	983	37	827	2.53e-85	300	1150	1024
sp|Q10469|MGAT2_HUMAN	AEC05916.1	30.946	349	214	8	105	443	86	417	4.51e-52	181	447	430
sp|P26572|MGAT1_HUMAN	AEE86903.1	38.083	386	214	8	53	434	69	433	3.90e-82	260	445	444
sp|P26572|MGAT1_HUMAN	AEE86902.1	38.083	386	214	8	53	434	69	433	3.90e-82	260	445	444
sp|P26572|MGAT1_HUMAN	AEE86904.1	35.751	386	212	9	53	434	69	422	4.86e-69	226	445	433
sp|P05177|CP1A2_HUMAN	AED91232.1	29.457	516	334	15	14	516	8	506	1.60e-57	199	516	513
sp|P05177|CP1A2_HUMAN	AEE27265.1	28.512	477	317	8	50	514	41	505	6.73e-55	192	516	510
sp|P05177|CP1A2_HUMAN	AED96867.1	27.767	497	318	12	14	500	6	471	1.61e-54	191	516	491
sp|P05177|CP1A2_HUMAN	AED91079.1	29.607	483	313	11	14	490	11	472	2.46e-52	186	516	507
sp|P05177|CP1A2_HUMAN	AEC10570.1	26.554	531	345	15	9	516	4	512	2.94e-51	182	516	512
sp|P05177|CP1A2_HUMAN	AEE86782.1	29.592	490	312	14	19	502	13	475	9.80e-50	178	516	492
sp|P05177|CP1A2_HUMAN	AEE31618.1	28.373	504	323	16	14	499	11	494	4.48e-48	174	516	511
sp|P05177|CP1A2_HUMAN	AEC10572.1	29.299	471	304	14	50	506	47	502	3.87e-47	171	516	512
sp|P05177|CP1A2_HUMAN	AEE86784.1	26.796	515	334	12	13	512	2	488	4.44e-47	171	516	499
sp|P05177|CP1A2_HUMAN	AEE83112.1	25.875	514	337	12	4	500	10	496	5.34e-47	171	516	516
